FID,ID,SECCLASS,NAME,TELEPHONE,ADDRESS,ADDRESS2,CITY,STATE,ZIP,ZIPP4,COUNTY,FIPS,DIRECTIONS,EMERGTITLE,EMERGTEL,EMERGEXT,CONTDATE,CONTHOW,GEODATE,GEOHOW,HSIPTHEMES,NAICSCODE,NAICSDESCR,GEOLINKID,X,Y,ST_VENDOR,ST_VERSION,GEOPREC,PHONELOC,QC_QA,WEBSITE,NPI,ENT_TYPE,ORGAN_NAME,PROVID_11,PROVID_12,PROVID_20,PROVID_21,PROVID_22,PROVID_23,PROVID_24,PROVID_25,PROVID_26,PROVID_27,PROVID_36,LASTUP_37,HEALTH_47,PROVID_48,PROVID_49,HEALTH_51,PROVID_52,PROVID_53,HEALTH_55,PROVID_56,PROVID_57,HEALTH_59,PROVID_60,PROVID_61,HEALTH_63,PROVID_64,PROVID_65,HEALTH_67,PROVID_68,PROVID_69,HEALTH_71,PROVID_72,PROVID_73,HEALTH_75,PROVID_76,PROVID_77,HEALTH_79,PROVID_80,PROVID_81,HEALTH_83,PROVID_84,PROVID_85,HEALTH_87,PROVID_88,PROVID_89,HEALTH_91,PROVID_92,PROVID_93,HEALTH_95,PROVID_96,PROVID_97,HEALTH_99,PROVID_100,PROVID_101,HEALTH_103,PROVID_104,PROVID_105
1001,11699187,UNCLASSIFIED,MOWRY MEDICAL PHARMACY,510-793-5011,1999 MOWRY AVENUE,SUITE 2A,FREMONT,CA,94538,1706,ALAMEDA,6001, , , , ,2010-07-01T00:00:00.000Z,ALT REF,2010-07-01T00:00:00.000Z,MANUAL,"CRITICAL INFRASTRUCTURE, PDD-63; PUBLIC HEALTH; PHARMACIES",446110,PHARMACIES,762826384,-121.981096,37.558298,NAVTEQ,2009Q4,ONENTITY,YES,TECHNIGRAPHICS,HTTP://WWW.HALLERSRX.NET,1740326784,2,MOWRY MEDICAL PHARMACY,GURPARTAP SINGH BASRAI,3,1999 MOWRY AVE,SUITE 2A,FREMONT,CA,945381738,US,5107935011,5107929599,01/29/2007,08-05-08,183500000X,31057,CA,3336C0003X,PHY21138,CA, , , , , , , , , , , , , , , , , , , , , , , , , , , , , , , , , , , , , , , 
1002,11699219,UNCLASSIFIED,MOWRY PLAZA PHARMACY,510-745-9900,668 MOWRY AVENUE, ,FREMONT,CA,94536,4113,ALAMEDA,6001, , , , ,2010-07-01T00:00:00.000Z,ALT REF,2010-07-01T00:00:00.000Z,MANUAL,"CRITICAL INFRASTRUCTURE, PDD-63; PUBLIC HEALTH; PHARMACIES",446110,PHARMACIES,24635683,-121.973766,37.566182,NAVTEQ,2009Q4,ONENTITY,YES,TECHNIGRAPHICS,HTTP://WWW.HALLERSRX.NET,1043356090,2,MOWRY PLAZA PHARMACY,GURPARTAP SINGH BASRAI,5,668 MOWRY AVE, ,FREMONT,CA,945364113,US,5107459900,5107459950,01/29/2007,08-05-08,183500000X,31057,CA,3336C0003X,PHY45452,CA, , , , , , , , , , , , , , , , , , , , , , , , , , , , , , , , , , , , , , , 
1003,11698012,UNCLASSIFIED,KAISER PERMANENTE DALY CITY MEDICAL OFFICE,650-301-5788,395 HICKEY BOULEVARD,FIRST FLOOR,DALY CITY,CA,94015,2770,SAN MATEO,6081, , , , ,2010-07-01T00:00:00.000Z,ALT REF,2010-07-02T00:00:00.000Z,MANUAL,"CRITICAL INFRASTRUCTURE, PDD-63; PUBLIC HEALTH; PHARMACIES",446110,PHARMACIES,23749159,-122.463054,37.662743,NAVTEQ,2009Q4,ONENTITY,YES,TECHNIGRAPHICS,HTTPS://WWW.KAISERPERMANENTE.ORG,1790833531,2,KAISER FOUNDATION HEALTH PLAN INC,KAISER PERMANENTE PHARMACY,3,395 HICKEY BLVD FL 1, ,DALY CITY,CA,940152770,US, , ,01-08-07,10-09-09,333600000X, , ,3336C0003X,PHY46565,CA, , , , , , , , , , , , , , , , , , , , , , , , , , , , , , , , , , , , , , , 
1004,11697767,UNCLASSIFIED,KAISER PERMANENTE TRACY MEDICAL OFFICE,209-839-6212,2185 WEST GRANT LINE ROAD, ,TRACY,CA,95377,7309,SAN JOAQUIN,6077, , , , ,2010-06-28T00:00:00.000Z,ALT REF,2010-06-28T00:00:00.000Z,MANUAL,"CRITICAL INFRASTRUCTURE, PDD-63; PUBLIC HEALTH; PHARMACIES",446110,PHARMACIES,112009981,-121.456823,37.755796,NAVTEQ,2009Q4,ONENTITY,YES,TECHNIGRAPHICS,HTTPS://WWW.KAISERPERMANENTE.ORG,1609923937,2,KAISER FOUNDATION HEALTH PLAN INC,KAISER PERMANENTE PHARMACY,3,2185 W GRANT LINE RD, ,TRACY,CA,953777309,US, , ,01-05-07,07-08-07,3336C0003X, , ,3336M0003X,PHY46987,CA, , , , , , , , , , , , , , , , , , , , , , , , , , , , , , , , , , , , , , , 
1005,11666870,UNCLASSIFIED,WALGREENS - 13596,650-326-3404,300 UNIVERSITY AVENUE, ,PALO ALTO,CA,94301,1715,SANTA CLARA,6085, , , , ,2010-07-02T00:00:00.000Z,ALT REF,2010-07-02T00:00:00.000Z,MANUAL,"CRITICAL INFRASTRUCTURE, PDD-63; PUBLIC HEALTH; PHARMACIES",446110,PHARMACIES,23716026,-122.161178,37.445947,NAVTEQ,2009Q4,ONENTITY,YES,TECHNIGRAPHICS,HTTP://WWW.WALGREENS.COM,1871508143,2,WALGREEN CO,WALGREEN DRUG STORE,3,1901 E VOORHEES ST,MS720,DANVILLE,IL,618344509,US,2175548964,2175548546,07/29/2006,07/17/2007,332B00000X, , ,3336C0003X, , ,333600000X,PHY40643,CA, , , , , , , , , , , , , , , , , , , , , , , , , , , , , , , , , , , , 
1006,11675286,UNCLASSIFIED,FARMACIA REMEDIOS,510-261-5300,3351 INTERNATIONAL BOULEVARD, ,OAKLAND,CA,94601,3005,ALAMEDA,6001, , , , ,2010-07-07T00:00:00.000Z,ALT REF,2010-07-07T00:00:00.000Z,MANUAL,"CRITICAL INFRASTRUCTURE, PDD-63; PUBLIC HEALTH; PHARMACIES",446110,PHARMACIES,23633859,-122.224071,37.77647,NAVTEQ,2009Q4,ONENTITY,YES,TECHNIGRAPHICS,HTTP://WWW.FARMACIAREMEDIOS.COM,1154436103,2,FARMACIA REMEDIOS,FARMACIA REMEDIOS,3,2180 BRYANT ST STE 108, ,SAN FRANCISCO,CA,941102141,US,4152060800,8667089137,08/20/2006,09/18/2009,333600000X, , ,3336C0003X,PHY46651,CA, , , , , , , , , , , , , , , , , , , , , , , , , , , , , , , , , , , , , , , 
1007,11698019,UNCLASSIFIED,KAISER PERMANENTE HAYWARD MEDICAL CENTER OFFICES,510-784-4220,27400 HESPERIAN BOULEVARD, ,HAYWARD,CA,94545,4235,ALAMEDA,6001, , , , ,2010-07-07T00:00:00.000Z,ALT REF,2010-07-07T00:00:00.000Z,MANUAL,"CRITICAL INFRASTRUCTURE, PDD-63; PUBLIC HEALTH; PHARMACIES",446110,PHARMACIES,24576899,-122.09471,37.630586,NAVTEQ,2009Q4,ONENTITY,YES,TECHNIGRAPHICS,HTTPS://WWW.KAISERPERMANENTE.ORG,1154479905,2,KAISER FOUNDATION HOSPITALS,KAISER PERMANENTE PHARMACY,3,12254 BELLFLOWER BLVD FL 2,PHARMACY PROFESSIONAL AFFAIRS,DOWNEY,CA,902422804,US,5626583671,5626583712,01-08-07,09/29/2009,3336M0003X, , ,3336C0003X,PHY46815,CA, , , , , , , , , , , , , , , , , , , , , , , , , , , , , , , , , , , , , , , 
1008,11709987,UNCLASSIFIED,KAISER PERMANENTE OAKLAND MEDICAL CENTER,510-752-4181,3701 BROADWAY,BROADWAY MEDICAL OFFICE BUILDING AND CANCER CENTER,OAKLAND,CA,94611,5613,ALAMEDA,6001, , , , ,2010-07-07T00:00:00.000Z,ALT REF,2010-07-07T00:00:00.000Z,MANUAL,"CRITICAL INFRASTRUCTURE, PDD-63; PUBLIC HEALTH; PHARMACIES",446110,PHARMACIES,23690690,-122.258668,37.825051,NAVTEQ,2009Q4,ONENTITY,YES,TECHNIGRAPHICS,HTTPS://WWW.KAISERPERMANENTE.ORG,1104060383,2,KAISER FOUNDATION HEALTH PLAN INC,KAISER PERMANENTE PHARMACY #103,3,"3701 BROADWAY,",FL 4,OAKLAND,CA,946115613,US, , ,05-01-09,05-01-09,333600000X,PHY49884,CA,3336C0002X,PHY49884,CA, , , , , , , , , , , , , , , , , , , , , , , , , , , , , , , , , , , , , , , 
1009,11710371,UNCLASSIFIED,KAISER FOUNDATION FREMONT MEDICAL CENTER NILES WEST PHARMACY,510-248-3338,39400 PASEO PADRE PARKWAY,NILES BUILDING,FREMONT,CA,94538,2310,ALAMEDA,6001, , , , ,2010-07-07T00:00:00.000Z,ALT REF,2010-07-09T00:00:00.000Z,MANUAL,"CRITICAL INFRASTRUCTURE, PDD-63; PUBLIC HEALTH; PHARMACIES",446110,PHARMACIES,28401562,-121.97486,37.551716,NAVTEQ,2009Q4,ONENTITY,YES,TECHNIGRAPHICS,HTTPS://WWW.KAISERPERMANENTE.ORG,1194952382,2,KAISER FOUNDATION HEALTH PLAN INC,KAISER ONCOLOGY PHARMACY #165,3,39400 PASEO PADRE PKWY FL 2,NILES BLDG,FREMONT,CA,945382310,US,5102483385, ,06/16/2009,06/16/2009,333600000X,PHY48740,CA,3336C0004X,PHY48740,CA, , , , , , , , , , , , , , , , , , , , , , , , , , , , , , , , , , , , , , , 
1010,11652263,UNCLASSIFIED,CVS - 3937,530-529-5509,124 BELLE MILL ROAD, ,RED BLUFF,CA,96080,2850,TEHAMA,6103, , , , ,2010-07-08T00:00:00.000Z,ALT REF,2010-07-08T00:00:00.000Z,MANUAL,"CRITICAL INFRASTRUCTURE, PDD-63; PUBLIC HEALTH; PHARMACIES",446110,PHARMACIES,105400370,-122.228619,40.182387,NAVTEQ,2009Q4,ONENTITY,YES,TECHNIGRAPHICS,HTTP://WWW.CVS.COM,1154364925,2,LONGS DRUG STORES CALIFORNIA LLC,CVS PHARMACY #03937,3,1 CVS DR,P.O. BOX 1075,WOONSOCKET,RI,28956146,US,4017651500,4017707108,06/13/2006,09/14/2009,332B00000X, , ,333600000X, , ,3336C0003X,PHY49546,CA, , , , , , , , , , , , , , , , , , , , , , , , , , , , , , , , , , , , 
1011,11652307,UNCLASSIFIED,CVS - 9691,530-742-3206,830 J STREET, ,MARYSVILLE,CA,95901,5231,YUBA,6115, , , , ,2010-07-08T00:00:00.000Z,PHONE,2010-07-08T00:00:00.000Z,MANUAL,"CRITICAL INFRASTRUCTURE, PDD-63; PUBLIC HEALTH; PHARMACIES",446110,PHARMACIES,105539698,-121.599587,39.143482,NAVTEQ,2009Q4,ONENTITY,YES,TECHNIGRAPHICS,HTTP://WWW.CVS.COM,1871536664,2,LONGS DRUG STORES CALIFORNIA LLC,CVS PHARMACY #09691,3,PO BOX 1075, ,WOONSOCKET,RI,28950803,US,4017651500,4017707108,06/13/2006,09/25/2009,333600000X, , ,3336C0003X,PHY49325,CA, , , , , , , , , , , , , , , , , , , , , , , , , , , , , , , , , , , , , , , 
1012,11705306,UNCLASSIFIED,2ND STREET PHARMACY,510-835-0774,465 2ND STREET, ,OAKLAND,CA,94607,3839,ALAMEDA,6001, , , , ,2010-07-02T00:00:00.000Z,PHONE,2010-07-02T00:00:00.000Z,MANUAL,"CRITICAL INFRASTRUCTURE, PDD-63; PUBLIC HEALTH; PHARMACIES",446110,PHARMACIES,23632214,-122.276852,37.796049,NAVTEQ,2009Q4,ONENTITY,YES,TECHNIGRAPHICS,HTTP://WWW.MOMSPHARMACY.COM,1669661237,2,SPECIALTY PHARMACIES INC,2ND STREET PHARMACY,3,1660 WALT WHITMAN RD,SUITE 105,MELVILLE,NY,117474159,US,6315476520,6312495863,10/19/2007,10/19/2007,333600000X, , , , , , , , , , , , , , , , , , , , , , , , , , , , , , , , , , , , , , , , , , , , 
1013,11674419,UNCLASSIFIED,WILLOW CREEK PHARMACY,530-629-3144,39050 HIGHWAY 299, ,WILLOW CREEK,CA,95573, ,HUMBOLDT,6023, , , , ,2010-07-09T00:00:00.000Z,PHONE,2010-07-09T00:00:00.000Z,MANUAL,"CRITICAL INFRASTRUCTURE, PDD-63; PUBLIC HEALTH; PHARMACIES",446110,PHARMACIES,91201417,-123.630514,40.938913,NAVTEQ,2009Q4,ONENTITY,YES,TECHNIGRAPHICS, ,1457464034,2,"DOUBLE B PHARMACEUTICALS, INC.",WILLOW CREEK PHARMACY,3,PO BOX 67, ,WILLOW CREEK,CA,955730067,US,5306293144,5306294303,08/16/2006,05-09-08,3336C0003X,PHY39588,CA, , , , , , , , , , , , , , , , , , , , , , , , , , , , , , , , , , , , , , , , , , 
1014,11699596,UNCLASSIFIED,TRINITY HOSPITAL,530-623-5541,60 EASTER AVENUE, ,WEAVERVILLE,CA,96093, ,TRINITY,6105, , , , ,2010-07-09T00:00:00.000Z,ALT REF,2010-07-09T00:00:00.000Z,MANUAL,"CRITICAL INFRASTRUCTURE, PDD-63; PUBLIC HEALTH; PHARMACIES",446110,PHARMACIES,706692025,-122.939846,40.737934,NAVTEQ,2009Q4,ONENTITY,YES,TECHNIGRAPHICS,HTTP://WWW.MCMEDICAL.ORG,1336287200,2,MOUNTAIN COMMUNITIES HEALTHCARE DISTRICT,LONG TERM CARE PHARMACY,3,PO BOX 1229, ,WEAVERVILLE,CA,960931229,US,5306235541,5306236421,02-02-07,07/17/2007,3336L0003X,HPE36008,CA, , , , , , , , , , , , , , , , , , , , , , , , , , , , , , , , , , , , , , , , , , 
1015,11708622,UNCLASSIFIED,VALLEY HEALTH CENTER - SUNNYVALE,408-992-4830,660 SOUTH FAIR OAKS AVENUE, ,SUNNYVALE,CA,94086,7913,SANTA CLARA,6085, , , , ,2010-07-09T00:00:00.000Z,PHONE,2010-07-09T00:00:00.000Z,MANUAL,"CRITICAL INFRASTRUCTURE, PDD-63; PUBLIC HEALTH; PHARMACIES",446110,PHARMACIES,23732226,-122.023486,37.364851,NAVTEQ,2009Q4,ONENTITY,YES,TECHNIGRAPHICS,HTTP://WWW.SCCGOV.ORG/PORTAL/SITE/VHP,1821241035,2,COUNTY OF SANTA CLARA,VALLEY HEALTH CENTER AT SUNNYVALE PHARMACY,3,751 S BASCOM AVE,BUILDING W,SAN JOSE,CA,951282604,US,4088852300,4088855822,10/31/2008,11-03-09,332B00000X, , ,3336C0002X,49155,CA, , , , , , , , , , , , , , , , , , , , , , , , , , , , , , , , , , , , , , , 
1016,11652060,UNCLASSIFIED,OMNICARE,530-224-3373,5200 CHURN CREEK ROAD,SUITE A,REDDING,CA,96002,3930,SHASTA,6089, , , , ,2010-07-12T00:00:00.000Z,PHONE,2010-07-12T00:00:00.000Z,MANUAL,"CRITICAL INFRASTRUCTURE, PDD-63; PUBLIC HEALTH; PHARMACIES",446110,PHARMACIES,105617981,-122.34725,40.53796,NAVTEQ,2009Q4,ONENTITY,YES,TECHNIGRAPHICS,HTTP://WWW.OMNICARE.COM,1922040740,2,"EVERGREEN PHARMACEUTICAL OF CALIFORNIA, INC.","OMNICARE REDDING, CA",3,100 E RIVERCENTER BLVD,SUITE 1600,COVINGTON,KY,410111555,US,8593923300, ,06/13/2006,09-03-09,3336I0012X, , ,3336L0003X, , , , , , , , , , , , , , , , , , , , , , , , , , , , , , , , , , , , , , , , , 
1017,11654439,UNCLASSIFIED,SAFEWAY,925-672-2107,5431 CLAYTON ROAD, ,CLAYTON,CA,94517,1039,CONTRA COSTA,6013, , , , ,2010-07-13T00:00:00.000Z,PHONE,2010-07-13T00:00:00.000Z,MANUAL,"CRITICAL INFRASTRUCTURE, PDD-63; PUBLIC HEALTH; PHARMACIES",446110,PHARMACIES,120882786,-121.953384,37.953821,NAVTEQ,2009Q4,ONENTITY,YES,TECHNIGRAPHICS,HTTP://WWW.SAFEWAY.COM,1417983297,2,SAFEWAY INC,SAFEWAY PHARMACY #1195,3,20427 N 27TH AVE # MSC4551, ,PHOENIX,AZ,850273241,US, , ,06/24/2006,12-01-08,333600000X,PHY36191,CA,3336C0003X, , , , , , , , , , , , , , , , , , , , , , , , , , , , , , , , , , , , , , , , , 
1018,11685791,UNCLASSIFIED,COMMUNITY PHARMACY,541-388-7731,2500 NORTHEAST NEFF ROAD,SAINT CHARLES MEDICAL CENTER 1ST FLOOR,BEND,OR,97701, ,DESCHUTES,41017, , , , ,2010-07-13T00:00:00.000Z,ALT REF,2010-07-15T00:00:00.000Z,MANUAL,"CRITICAL INFRASTRUCTURE, PDD-63; PUBLIC HEALTH; PHARMACIES",446110,PHARMACIES,89857580,-121.268901,44.068258,NAVTEQ,2009Q4,ONENTITY,YES,TECHNIGRAPHICS,HTTP://WWW.STCHARLESHEALTHCARE.ORG,1407953805,2,CASCADE HEALTHCARE COMMUNITY,COMMUNITY PHARMACY AT ST. CHARLES MEDICAL CENTER,3,2500 NE NEFF RD, ,BEND,OR,977016015,US,5413887731,5413856320,09/20/2006,07-08-07,3336C0003X,RP0000901-CS,OR, , , , , , , , , , , , , , , , , , , , , , , , , , , , , , , , , , , , , , , , , , 
1019,11655386,UNCLASSIFIED,SAFEWAY,541-389-7184,320 SOUTHWEST CENTURY DRIVE, ,BEND,OR,97702,3037,DESCHUTES,41017, , , , ,2010-07-12T00:00:00.000Z,ALT REF,2010-07-15T00:00:00.000Z,MANUAL,"CRITICAL INFRASTRUCTURE, PDD-63; PUBLIC HEALTH; PHARMACIES",446110,PHARMACIES,776627898,-121.329525,44.047125,NAVTEQ,2009Q4,ONENTITY,YES,TECHNIGRAPHICS,HTTP://WWW.SAFEWAY.COM,1003845058,2,SAFEWAY INC,SAFEWAY PHARMACY #1888,3,20427 N 27TH AVE # MSC4551, ,PHOENIX,AZ,850273241,US, , ,07-02-06,12-10-08,333600000X,2050,OR,3336C0003X, , , , , , , , , , , , , , , , , , , , , , , , , , , , , , , , , , , , , , , , , 
1020,11679037,UNCLASSIFIED,COSTCO,541-383-2199,2500 NORTHEAST HIGHWAY 20, ,BEND,OR,97701,6277,DESCHUTES,41017, , , , ,2010-07-12T00:00:00.000Z,ALT REF,2010-07-12T00:00:00.000Z,MANUAL,"CRITICAL INFRASTRUCTURE, PDD-63; PUBLIC HEALTH; PHARMACIES",446110,PHARMACIES,89857550,-121.267603,44.057645,NAVTEQ,2009Q4,ONENTITY,YES,TECHNIGRAPHICS,HTTP://WWW.COSTCO.COM,1881704401,2,COSTCO WHOLESALE CORPORATION,COSTCO PHARMACY,3,2500 NE HIGHWAY 20, ,BEND,OR,977016277,US, , ,08/30/2006,05-10-08,333600000X,1290,OR,3336C0003X, , , , , , , , , , , , , , , , , , , , , , , , , , , , , , , , , , , , , , , , , 
1021,11671546,UNCLASSIFIED,RITE AID - 5886,408-774-0134,2310 HOMESTEAD ROAD,FOOTHILL PLAZA,LOS ALTOS,CA,94024,7339,SANTA CLARA,6085, , , , ,2010-07-14T00:00:00.000Z,PHONE,2010-07-14T00:00:00.000Z,MANUAL,"CRITICAL INFRASTRUCTURE, PDD-63; PUBLIC HEALTH; PHARMACIES",446110,PHARMACIES,776737395,-122.067369,37.336427,NAVTEQ,2009Q4,ONENTITY,YES,TECHNIGRAPHICS,HTTP://WWW.RITEAID.COM,1649286931,2,THRIFTY PAYLESS INC,RITE AID PHARMACY 05886,3,200 NEWBERRY COMMONS, ,ETTERS,PA,173199363,US,7177612633,7179758659,07/31/2006,03-02-09,332B00000X, , ,3336C0003X,PHY42745,CA, , , , , , , , , , , , , , , , , , , , , , , , , , , , , , , , , , , , , , , 
1022,11663891,UNCLASSIFIED,WAL-MART SUPERCENTER - 5192,916-729-6236,5821 ANTELOPE ROAD, ,ANTELOPE,CA,95843, ,SACRAMENTO,6067, , , , ,2010-04-27T00:00:00.000Z,ALT REF,2010-04-27T00:00:00.000Z,MANUAL,"CRITICAL INFRASTRUCTURE, PDD-63; PUBLIC HEALTH; PHARMACIES",446110,PHARMACIES,24483017,-121.331827,38.704296,NAVTEQ,2009Q4,ONENTITY,YES,TECHNIGRAPHICS,HTTP://WWW.WALMART.COM,1467470252,2,WAL-MART STORES INC,WALMART PHARMACY 105192,3,702 SW 8TH ST, ,BENTONVILLE,AR,727160445,US, , ,07/18/2006,03-12-09,332B00000X, , ,333600000X, , ,3336C0003X,47502,CA, , , , , , , , , , , , , , , , , , , , , , , , , , , , , , , , , , , , 
1023,11661504,UNCLASSIFIED,WAL-MART - 1697,916-684-7104,8465 ELK GROVE BOULEVARD, ,ELK GROVE,CA,95758,9573,SACRAMENTO,6067, , , , ,2010-04-27T00:00:00.000Z,ALT REF,2010-04-27T00:00:00.000Z,MANUAL,"CRITICAL INFRASTRUCTURE, PDD-63; PUBLIC HEALTH; PHARMACIES",446110,PHARMACIES,28401307,-121.391553,38.411798,NAVTEQ,2009Q4,ONENTITY,YES,TECHNIGRAPHICS,HTTP://WWW.WALMART.COM,1023035441,2,WAL-MART PHARMACY INC WEST,WAL-MART PHARMACY,3,702 SW 8TH ST, ,BENTONVILLE,AR,727166209,US, , ,07/16/2006,01/29/2009,332B00000X, , ,333600000X, , ,3336C0003X,PHY37436,CA, , , , , , , , , , , , , , , , , , , , , , , , , , , , , , , , , , , , 
1024,11654968,UNCLASSIFIED,SAFEWAY,916-691-3777,5021 LAGUNA BOULEVARD, ,ELK GROVE,CA,95758,5262,SACRAMENTO,6067, , , , ,2010-04-27T00:00:00.000Z,ALT REF,2010-04-27T00:00:00.000Z,MANUAL,"CRITICAL INFRASTRUCTURE, PDD-63; PUBLIC HEALTH; PHARMACIES",446110,PHARMACIES,24470939,-121.446563,38.424282,NAVTEQ,2009Q4,ONENTITY,YES,TECHNIGRAPHICS,HTTP://WWW.SAFEWAY.COM,1548299555,2,SAFEWAY INC,SAFEWAY PHARMACY #1647,3,20427 N 27TH AVE # MSC4551, ,PHOENIX,AZ,850273241,US, , ,07-02-06,12-08-08,333600000X,PHY44473,CA,3336C0003X, , , , , , , , , , , , , , , , , , , , , , , , , , , , , , , , , , , , , , , , , 
1025,11641380,UNCLASSIFIED,WAL-MART - 1881,916-332-4427,7901 WATT AVENUE, ,ANTELOPE,CA,95843,2000,SACRAMENTO,6067, , , , ,2010-04-27T00:00:00.000Z,ALT REF,2010-04-27T00:00:00.000Z,MANUAL,"CRITICAL INFRASTRUCTURE, PDD-63; PUBLIC HEALTH; PHARMACIES",446110,PHARMACIES,24451513,-121.394667,38.712747,NAVTEQ,2009Q4,ONENTITY,YES,TECHNIGRAPHICS,HTTP://WWW.WALMART.COM,1215954631,2,WAL-MART STORES INC,WAL-MART STORES INC,3,702 SW 8TH ST, ,BENTONVILLE,AR,727160445,US, , ,07/16/2006,04/30/2009,332B00000X, , ,333600000X, , ,3336C0003X,PHY38993,CA, , , , , , , , , , , , , , , , , , , , , , , , , , , , , , , , , , , , 
1026,11707429,UNCLASSIFIED,TARGET,916-526-0302,5837 SUNRISE BOULEVARD, ,CITRUS HEIGHTS,CA,95610,6866,SACRAMENTO,6067, , , , ,2010-04-27T00:00:00.000Z,ALT REF,2010-04-27T00:00:00.000Z,MANUAL,"CRITICAL INFRASTRUCTURE, PDD-63; PUBLIC HEALTH; PHARMACIES",446110,PHARMACIES,762031830,-121.274726,38.672924,NAVTEQ,2009Q4,ONENTITY,YES,TECHNIGRAPHICS,HTTP://WWW.TARGET.COM,1083875330,2,TARGET CORPORATION AND SUBSIDIARIES,TARGET PHARMACY,3,1000 NICOLLET MALL # 0910, ,MINNEAPOLIS,MN,554032542,US, , ,06/19/2008,11/20/2008,332B00000X, , ,3336C0003X,PHY49120,CA, , , , , , , , , , , , , , , , , , , , , , , , , , , , , , , , , , , , , , , 
1027,11698004,UNCLASSIFIED,KAISER PERMANENTE SACRAMENTO MEDICAL CENTER PHARMACY,916-973-5000,2025 MORSE AVENUE, ,SACRAMENTO,CA,95825,2115,SACRAMENTO,6067, , , , ,2010-04-27T00:00:00.000Z,ALT REF,2010-04-28T00:00:00.000Z,MANUAL,"CRITICAL INFRASTRUCTURE, PDD-63; PUBLIC HEALTH; PHARMACIES",446110,PHARMACIES,127829780,-121.393044,38.602184,NAVTEQ,2009Q4,ONENTITY,YES,TECHNIGRAPHICS,HTTPS://WWW.KAISERPERMANENTE.ORG,1649328477,2,KAISER FOUNDATION HOSPITALS,KAISER FDN HSP INP GROUND FLR PHY,3,12254 BELLFLOWER BLVD FL 2,PHARMACY PROFESSIONAL AFFAIRS,DOWNEY,CA,902422804,US,5626583671,5626583712,01-08-07,09/29/2009,3336I0012X,HSP18106,CA, , , , , , , , , , , , , , , , , , , , , , , , , , , , , , , , , , , , , , , , , , 
1028,11672008,UNCLASSIFIED,WALGREENS - 3185,415-543-9502,825 MARKET STREET, ,SAN FRANCISCO,CA,94103,1901,SAN FRANCISCO,6075, , , , ,2010-04-06T00:00:00.000Z,ALT REF,2010-04-12T00:00:00.000Z,MANUAL,"CRITICAL INFRASTRUCTURE, PDD-63; PUBLIC HEALTH; PHARMACIES",446110,PHARMACIES,28401556,-122.406392,37.785031,NAVTEQ,2009Q4,ONENTITY,YES,TECHNIGRAPHICS,HTTP://WWW.WALGREENS.COM,1639185283,2,WALGREEN CO,WALGREENS #03185,3,1901 E VOORHEES ST,MS720,DANVILLE,IL,618344509,US,2175548964,2175548546,08-01-06,04/24/2008,3336C0003X, , ,332B00000X, , ,333600000X,PHY40773,CA, , , , , , , , , , , , , , , , , , , , , , , , , , , , , , , , , , , , 
1029,11672007,UNCLASSIFIED,WALGREENS - 4529,415-355-0800,2145 MARKET STREET, ,SAN FRANCISCO,CA,94114,1321,SAN FRANCISCO,6075, , , , ,2010-04-06T00:00:00.000Z,ALT REF,2010-04-06T00:00:00.000Z,MANUAL,"CRITICAL INFRASTRUCTURE, PDD-63; PUBLIC HEALTH; PHARMACIES",446110,PHARMACIES,23610533,-122.429729,37.766539,NAVTEQ,2009Q4,ONENTITY,YES,TECHNIGRAPHICS,HTTP://WWW.WALGREENS.COM,1720094378,2,WALGREEN CO,WALGREENS #04529,3,1901 E VOORHEES ST,MS720,DANVILLE,IL,618344509,US,2175548964,2175548546,08-01-06,04/24/2008,3336C0003X, , ,332B00000X, , ,333600000X,PHY44203,CA, , , , , , , , , , , , , , , , , , , , , , , , , , , , , , , , , , , , 
1030,11672009,UNCLASSIFIED,WALGREENS - 896,415-668-5202,3601 CALIFORNIA STREET, ,SAN FRANCISCO,CA,94118,1701,SAN FRANCISCO,6075, , , , ,2010-04-06T00:00:00.000Z,ALT REF,2010-04-06T00:00:00.000Z,MANUAL,"CRITICAL INFRASTRUCTURE, PDD-63; PUBLIC HEALTH; PHARMACIES",446110,PHARMACIES,23807710,-122.453546,37.786147,NAVTEQ,2009Q4,ONENTITY,YES,TECHNIGRAPHICS,HTTP://WWW.WALGREENS.COM,1548276199,2,WALGREEN CO,WALGREENS #00896,3,1901 E VOORHEES ST,MS720,DANVILLE,IL,618344509,US,2175548964,2175548546,08-01-06,04/24/2008,3336C0003X, , ,332B00000X, , ,333600000X,PHY16809,CA, , , , , , , , , , , , , , , , , , , , , , , , , , , , , , , , , , , , 
1031,11671907,UNCLASSIFIED,WALGREENS - 890,415-391-7222,135 POWELL STREET, ,SAN FRANCISCO,CA,94102,2203,SAN FRANCISCO,6075, , , , ,2010-04-06T00:00:00.000Z,ALT REF,2010-04-06T00:00:00.000Z,MANUAL,"CRITICAL INFRASTRUCTURE, PDD-63; PUBLIC HEALTH; PHARMACIES",446110,PHARMACIES,23614641,-122.408246,37.785997,NAVTEQ,2009Q4,ONENTITY,YES,TECHNIGRAPHICS,HTTP://WWW.WALGREENS.COM,1134135502,2,WALGREEN CO,WALGREENS #00890,3,1901 E VOORHEES ST, ,DANVILLE,IL,618344509,US,2175548964,2175548546,07/31/2006,04/24/2008,3336C0003X, , ,332B00000X, , ,333600000X,PHY9156,CA, , , , , , , , , , , , , , , , , , , , , , , , , , , , , , , , , , , , 
1032,11678833,UNCLASSIFIED,BEL AIR - 509,916-796-6104,1039 SUNRISE AVENUE, ,ROSEVILLE,CA,95661,7004,PLACER,6061, , , , ,2010-04-06T00:00:00.000Z,ALT REF,2010-04-06T00:00:00.000Z,MANUAL,"CRITICAL INFRASTRUCTURE, PDD-63; PUBLIC HEALTH; PHARMACIES",446110,PHARMACIES,127821776,-121.270829,38.728651,NAVTEQ,2009Q4,ONENTITY,YES,TECHNIGRAPHICS,HTTP://WWW.RALEYS.COM,1558471219,2,BEL AIR MARKET INC, , ,1039 SUNRISE AVE, ,ROSEVILLE,CA,956617004,US,9167866104, ,08/30/2006,02/13/2008,3336C0003X,PHY39086,CA, , , , , , , , , , , , , , , , , , , , , , , , , , , , , , , , , , , , , , , , , , 
1033,11698005,UNCLASSIFIED,KAISER PERMANENTE POINT WEST MEDICAL OFFICE PHARMACY,916-614-4065,1650 RESPONSE ROAD, ,SACRAMENTO,CA,95815,4807,SACRAMENTO,6067, , , , ,2010-04-27T00:00:00.000Z,ALT REF,2010-04-27T00:00:00.000Z,MANUAL,"CRITICAL INFRASTRUCTURE, PDD-63; PUBLIC HEALTH; PHARMACIES",446110,PHARMACIES,24456676,-121.429888,38.596262,NAVTEQ,2009Q4,ONENTITY,YES,TECHNIGRAPHICS,HTTPS://WWW.KAISERPERMANENTE.ORG,1558419382,2,KAISER FOUNDATION HEALTH PLAN INC,KAISER POINT WEST MAIN PHY,3,1650 RESPONSE RD, ,SACRAMENTO,CA,958154807,US, , ,01-08-07,07-08-07,3336C0002X,PHY43320,CA,3336C0003X, , , , , , , , , , , , , , , , , , , , , , , , , , , , , , , , , , , , , , , , , 
1034,11671563,UNCLASSIFIED,RITE AID - 6062,916-786-8671,4004 FOOTHILLS BOULEVARD, ,ROSEVILLE,CA,95747,7233,PLACER,6061, , , , ,2010-04-08T00:00:00.000Z,ALT REF,2010-04-08T00:00:00.000Z,MANUAL,"CRITICAL INFRASTRUCTURE, PDD-63; PUBLIC HEALTH; PHARMACIES",446110,PHARMACIES,24450869,-121.311345,38.752298,NAVTEQ,2009Q4,ONENTITY,YES,TECHNIGRAPHICS,HTTP://WWW.RITEAID.COM,1710993019,2,THRIFTY PAYLESS INC,RITE AID PHARMACY 06062,3,200 NEWBERRY COMMONS, ,ETTERS,PA,173199363,US,7177612633,7179758659,07/31/2006,01-12-09,332B00000X, , ,3336C0003X,PHY42769,CA, , , , , , , , , , , , , , , , , , , , , , , , , , , , , , , , , , , , , , , 
1035,11678719,UNCLASSIFIED,BEL AIR - 518,916-632-0184,2341 SUNSET BOULEVARD, ,ROCKLIN,CA,95765,4337,PLACER,6061, , , , ,2010-04-06T00:00:00.000Z,ALT REF,2010-04-06T00:00:00.000Z,MANUAL,"CRITICAL INFRASTRUCTURE, PDD-63; PUBLIC HEALTH; PHARMACIES",446110,PHARMACIES,24448711,-121.264634,38.798167,NAVTEQ,2009Q4,ONENTITY,YES,TECHNIGRAPHICS,HTTP://WWW.RALEYS.COM,1326158080,2,BEL AIR MARKET INC, , ,2341 SUNSET BLVD, ,ROCKLIN,CA,957654337,US,9166320184, ,08/30/2006,02/14/2008,3336C0003X,PHY39094,CA, , , , , , , , , , , , , , , , , , , , , , , , , , , , , , , , , , , , , , , , , , 
1036,11670081,UNCLASSIFIED,WALGREENS - 1537,510-261-4552,3232 FOOTHILL BOULEVARD, ,OAKLAND,CA,94601,3113,ALAMEDA,6001, , , , ,2010-04-01T00:00:00.000Z,ALT REF,2010-04-01T00:00:00.000Z,MANUAL,"CRITICAL INFRASTRUCTURE, PDD-63; PUBLIC HEALTH; PHARMACIES",446110,PHARMACIES,23652926,-122.221513,37.783887,NAVTEQ,2009Q4,ONENTITY,YES,TECHNIGRAPHICS,HTTP://WWW.WALGREENS.COM,1427063759,2,WALGREEN CO,WALGREENS #01537,3,1901 E VOORHEES ST,MS720,DANVILLE,IL,618344509,US,2175548964,2175548546,07/29/2006,04/23/2008,332B00000X, , ,3336C0003X, , ,333600000X,PHY32349,CA, , , , , , , , , , , , , , , , , , , , , , , , , , , , , , , , , , , , 
1037,11653742,UNCLASSIFIED,SAFEWAY,707-554-8060,774 ADMIRAL CALLAGHAN LANE, ,VALLEJO,CA,94591,3650,SOLANO,6095, , , , ,2010-04-07T00:00:00.000Z,ALT REF,2010-04-07T00:00:00.000Z,MANUAL,"CRITICAL INFRASTRUCTURE, PDD-63; PUBLIC HEALTH; PHARMACIES",446110,PHARMACIES,24541685,-122.226527,38.125383,NAVTEQ,2009Q4,ONENTITY,YES,TECHNIGRAPHICS,HTTP://WWW.SAFEWAY.COM,1205872074,2,SAFEWAY INC,SAFEWAY PHARMACY #0989,3,20427 N 27TH AVE # MSC4551, ,PHOENIX,AZ,850273241,US, , ,06/21/2006,03-12-09,332B00000X,PHY34034,CA,3336C0003X, , , , , , , , , , , , , , , , , , , , , , , , , , , , , , , , , , , , , , , , , 
1038,11676764,UNCLASSIFIED,CAREPLUS CVS PHARMACY,415-864-7030,445 CASTRO STREET, ,SAN FRANCISCO,CA,94114,2019,SAN FRANCISCO,6075, , , , ,2010-04-28T00:00:00.000Z,ALT REF,2010-04-29T00:00:00.000Z,MANUAL,"CRITICAL INFRASTRUCTURE, PDD-63; PUBLIC HEALTH; PHARMACIES",446110,PHARMACIES,753950604,-122.434851,37.761742,NAVTEQ,2009Q4,ONENTITY,YES,TECHNIGRAPHICS,HTTPS://WWW.PHARMACARE.COM,1508975079,2,"PROCARE PHARMACY, L.L.C.",CAREPLUS CVS/PHARMACY # 02708,3,1 CVS DR,BOX 1075,WOONSOCKET,RI,28956146,US, , ,08/29/2006,09/21/2009,332B00000X, , ,3336C0003X, , ,3336S0011X, , ,333600000X,PHY44470,CA, , , , , , , , , , , , , , , , , , , , , , , , , , , , , , , , , 
1039,11710948,UNCLASSIFIED,TARGET,916-503-2513,10881 OLSON DRIVE, ,RANCHO CORDOVA,CA,95670,5646,SACRAMENTO,6067, , , , ,2010-04-27T00:00:00.000Z,ALT REF,2010-04-27T00:00:00.000Z,MANUAL,"CRITICAL INFRASTRUCTURE, PDD-63; PUBLIC HEALTH; PHARMACIES",446110,PHARMACIES,28401245,-121.285339,38.596685,NAVTEQ,2009Q4,ONENTITY,YES,TECHNIGRAPHICS,HTTP://WWW.TARGET.COM,1790918753,2,TARGET CORPORATION AND SUBSIDIARIES,TARGET PHARMACY,3,1000 NICOLLET MALL # 0910, ,MINNEAPOLIS,MN,554032542,US, , ,08/25/2009,02/22/2010,332B00000X, , ,3336C0003X,50105,CA, , , , , , , , , , , , , , , , , , , , , , , , , , , , , , , , , , , , , , , 
1040,11671153,UNCLASSIFIED,UNIVERSITY OF CALIFORNIA DAVIS CLINIC PHARMACY IN DAVIS,530-747-3051,2660 WEST COVELL BOULEVARD, ,DAVIS,CA,95616,5645,YOLO,6113, , , , ,2010-04-07T00:00:00.000Z,ALT REF,2010-04-07T00:00:00.000Z,MANUAL,"CRITICAL INFRASTRUCTURE, PDD-63; PUBLIC HEALTH; PHARMACIES",446110,PHARMACIES,28477650,-121.782172,38.56051,NAVTEQ,2009Q4,ONENTITY,YES,TECHNIGRAPHICS,HTTP://WWW.UCDMC.UCDAVIS.EDU,1114932712,2,REGENTS OF THE UNIVERSITY OF CALIFORNIA,UC DAVIS CLINIC PHARMACY IN DAVIS,3,2660 W COVELL BLVD, ,DAVIS,CA,956165645,US,5307473051,5307473060,07/30/2006,02-10-10,333600000X, , ,3336C0002X,PHE40255,CA, , , , , , , , , , , , , , , , , , , , , , , , , , , , , , , , , , , , , , , 
1041,11670082,UNCLASSIFIED,WALGREENS - 1054,415-824-6886,3398 MISSION STREET, ,SAN FRANCISCO,CA,94110,5009,SAN FRANCISCO,6075, , , , ,2010-04-05T00:00:00.000Z,ALT REF,2010-04-05T00:00:00.000Z,MANUAL,"CRITICAL INFRASTRUCTURE, PDD-63; PUBLIC HEALTH; PHARMACIES",446110,PHARMACIES,23611426,-122.422193,37.742561,NAVTEQ,2009Q4,ONENTITY,YES,TECHNIGRAPHICS,HTTP://WWW.WALGREENS.COM,1336154665,2,WALGREEN CO,WALGREENS #01054,3,1901 E VOORHEES ST,MS790,DANVILLE,IL,618344509,US,2175548964,2175548546,07/29/2006,11/17/2009,332B00000X, , ,3336C0003X, , ,333600000X,PHY31008,CA, , , , , , , , , , , , , , , , , , , , , , , , , , , , , , , , , , , , 
1042,11695928,UNCLASSIFIED,DANIEL'S PHARMACY,415-584-2210,943 GENEVA AVENUE, ,SAN FRANCISCO,CA,94112,3402,SAN FRANCISCO,6075, , , , ,2010-04-28T00:00:00.000Z,ALT REF,2010-04-28T00:00:00.000Z,MANUAL,"CRITICAL INFRASTRUCTURE, PDD-63; PUBLIC HEALTH; PHARMACIES",446110,PHARMACIES,23604943,-122.440394,37.716317,NAVTEQ,2009Q4,ONENTITY, ,TECHNIGRAPHICS, ,1194885418,2,DANIELS PHARMACY, , ,943 GENEVA AVE, ,SAN FRANCISCO,CA,941123402,US,4155842210,4155842202,12-08-06,07-11-08,333600000X,PHY367400,CA, , , , , , , , , , , , , , , , , , , , , , , , , , , , , , , , , , , , , , , , , , 
1043,11665432,UNCLASSIFIED,TARGET,530-224-1437,1280 DANA DRIVE, ,REDDING,CA,96003,4038,SHASTA,6089, , , , ,2010-04-06T00:00:00.000Z,ALT REF,2010-04-06T00:00:00.000Z,MANUAL,"CRITICAL INFRASTRUCTURE, PDD-63; PUBLIC HEALTH; PHARMACIES",446110,PHARMACIES,105572059,-122.348054,40.586468,NAVTEQ,2009Q4,ONENTITY,YES,TECHNIGRAPHICS,HTTP://WWW.TARGET.COM,1063434751,2,TARGET CORPORATION AND SUBSIDIARIES,TARGET PHARMACY,3,1000 NICOLLET MALL # 0910, ,MINNEAPOLIS,MN,554032542,US, , ,07/24/2006,09/15/2008,332B00000X, , ,333600000X, , ,3336C0003X,PHY46185,CA, , , , , , , , , , , , , , , , , , , , , , , , , , , , , , , , , , , , 
1044,11670046,UNCLASSIFIED,WALGREENS - 1393,415-239-0804,1630 OCEAN AVENUE, ,SAN FRANCISCO,CA,94112,1718,SAN FRANCISCO,6075, , , , ,2010-04-05T00:00:00.000Z,ALT REF,2010-04-05T00:00:00.000Z,MANUAL,"CRITICAL INFRASTRUCTURE, PDD-63; PUBLIC HEALTH; PHARMACIES",446110,PHARMACIES,23612866,-122.459609,37.724868,NAVTEQ,2009Q4,ONENTITY,YES,TECHNIGRAPHICS,HTTP://WWW.WALGREENS.COM,1467467795,2,WALGREEN CO,WALGREENS #01393,3,1901 E VOORHEES ST,MS720,DANVILLE,IL,618344509,US,2175548964,2175548546,07/29/2006,04/24/2008,332B00000X, , ,3336C0003X, , ,333600000X,PHY30598,CA, , , , , , , , , , , , , , , , , , , , , , , , , , , , , , , , , , , , 
1045,11671551,UNCLASSIFIED,RITE AID - 6046,916-723-3379,7900 ARCADIA DRIVE, ,CITRUS HEIGHTS,CA,95610,6914,SACRAMENTO,6067, , , , ,2010-04-27T00:00:00.000Z,ALT REF,2010-04-27T00:00:00.000Z,MANUAL,"CRITICAL INFRASTRUCTURE, PDD-63; PUBLIC HEALTH; PHARMACIES",446110,PHARMACIES,24560155,-121.270618,38.680754,NAVTEQ,2009Q4,ONENTITY,YES,TECHNIGRAPHICS,HTTP://WWW.RITEAID.COM,1194731497,2,THRIFTY PAYLESS INC,RITE AID PHARMACY 06046,3,200 NEWBERRY COMMONS, ,ETTERS,PA,173199363,US,7177612633,7179758659,07/31/2006,12-03-09,332B00000X, , ,3336C0003X,PHY44354,CA, , , , , , , , , , , , , , , , , , , , , , , , , , , , , , , , , , , , , , , 
1046,11679289,UNCLASSIFIED,COSTCO,707-453-7342,1051 HUME WAY, ,VACAVILLE,CA,95687,5558,SOLANO,6095, , , , ,2010-04-07T00:00:00.000Z,ALT REF,2010-04-07T00:00:00.000Z,MANUAL,"CRITICAL INFRASTRUCTURE, PDD-63; PUBLIC HEALTH; PHARMACIES",446110,PHARMACIES,120878405,-121.980196,38.350511,NAVTEQ,2009Q4,ONENTITY,YES,TECHNIGRAPHICS,HTTP://WWW.COSTCO.COM,1760592372,2,COSTCO WHOLESALE CORPORATION,COSTCO PHARMACY,3,1051 HUME WAY, ,VACAVILLE,CA,956875558,US, , ,08/30/2006,07-08-07,333600000X,46182,CA,3336C0003X, , , , , , , , , , , , , , , , , , , , , , , , , , , , , , , , , , , , , , , , , 
1047,11646386,UNCLASSIFIED,WHITE CROSS PROFESSIONAL PHARMACY,510-724-2333,2160 APPIAN WAY,SUITE 101,PINOLE,CA,94564,2524,CONTRA COSTA,6013, , , , ,2010-04-08T00:00:00.000Z,ALT REF,2010-04-08T00:00:00.000Z,MANUAL,"CRITICAL INFRASTRUCTURE, PDD-63; PUBLIC HEALTH; PHARMACIES",446110,PHARMACIES,23638593,-122.30243,37.996038,NAVTEQ,2009Q4,ONENTITY, ,TECHNIGRAPHICS, ,1861482580,2,ROBAIR INC,WHITE CROSS PHARMACY,3,2160 APPIAN WAY,STE 102,PINOLE,CA,945642524,US,5107242333,5107242312,10/25/2005,07-08-07,333600000X,PHY355150,CA, , , , , , , , , , , , , , , , , , , , , , , , , , , , , , , , , , , , , , , , , , 
1048,11679905,UNCLASSIFIED,WELLMAN'S PHARMACY,415-362-3622,1053 STOCKTON STREET, ,SAN FRANCISCO,CA,94108,1109,SAN FRANCISCO,6075, , , , ,2010-04-28T00:00:00.000Z,ALT REF,2010-04-27T00:00:00.000Z,MANUAL,"CRITICAL INFRASTRUCTURE, PDD-63; PUBLIC HEALTH; PHARMACIES",446110,PHARMACIES,23618176,-122.408435,37.795685,NAVTEQ,2009Q4,ONENTITY, ,TECHNIGRAPHICS, ,1497867329,2,WELLMANS PHARMACY INC, , ,1053 STOCKTON ST, ,SAN FRANCISCO,CA,941081109,US, , ,08/31/2006,07-08-07,333600000X,PHY34487,CA,3336C0003X, , , , , , , , , , , , , , , , , , , , , , , , , , , , , , , , , , , , , , , , , 
1049,11709582,UNCLASSIFIED,CVS - 7141,707-252-0101,291 SOUTH COOMBS STREET, ,NAPA,CA,94559,4528,NAPA,6055, , , , ,2010-04-05T00:00:00.000Z,ALT REF,2010-04-05T00:00:00.000Z,MANUAL,"CRITICAL INFRASTRUCTURE, PDD-63; PUBLIC HEALTH; PHARMACIES",446110,PHARMACIES,23816116,-122.28956,38.282225,NAVTEQ,2009Q4,ONENTITY,YES,TECHNIGRAPHICS,HTTP://WWW.CVS.COM,1083854822,2,"LONGS DRUG STORES CALIFORNIA, L.L.C.",CVS PHARMACY #07141,3,1 CVS DR,BOX 1075 - PHARMACY ENROLLMENTS,WOONSOCKET,RI,28956146,US,4017651500, ,03-05-09,07/28/2009,332B00000X, , ,3336C0003X, , ,333600000X, , , , , , , , , , , , , , , , , , , , , , , , , , , , , , , , , , , , , , 
1050,11671885,UNCLASSIFIED,WALGREENS - 7044,415-856-0733,88 SPEAR STREET, ,SAN FRANCISCO,CA,94105,1550,SAN FRANCISCO,6075, , , , ,2010-04-05T00:00:00.000Z,ALT REF,2010-04-05T00:00:00.000Z,MANUAL,"CRITICAL INFRASTRUCTURE, PDD-63; PUBLIC HEALTH; PHARMACIES",446110,PHARMACIES,23617620,-122.394584,37.792574,NAVTEQ,2009Q4,ONENTITY,YES,TECHNIGRAPHICS,HTTP://WWW.WALGREENS.COM,1437165883,2,WALGREEN CO,WALGREENS #07044,3,1901 E VOORHEES ST,MS720,DANVILLE,IL,618344509,US,2175548964,2175548546,07/31/2006,04/24/2008,3336C0003X, , ,332B00000X, , ,333600000X,PHY46812,CA, , , , , , , , , , , , , , , , , , , , , , , , , , , , , , , , , , , , 
